GEOID,upper10th
170310101001,0.0
170310101002,0.0
170310101003,1.0
170310102011,1.0
170310102012,1.0
170310102013,0.0
170310102021,0.0
170310102022,1.0
170310103001,0.0
170310103002,0.0
170310103003,0.0
170310103004,1.0
170310104001,0.0
170310104002,0.0
170310104003,0.0
170310105011,1.0
170310105012,1.0
170310105013,0.0
170310105021,0.0
170310105022,0.0
170310105031,0.0
170310105032,0.0
170310106001,0.0
170310106002,0.0
170310106003,0.0
170310106004,0.0
170310107011,0.0
170310107012,0.0
170310107021,0.0
170310107022,0.0
170310107023,0.0
170310107024,0.0
170310201001,1.0
170310201002,0.0
170310202001,0.0
170310202002,0.0
170310202003,0.0
170310202004,0.0
170310203011,0.0
170310203012,0.0
170310203013,0.0
170310203021,0.0
170310203022,0.0
170310203023,0.0
170310204001,0.0
170310204002,0.0
170310204003,0.0
170310205001,0.0
170310205002,0.0
170310205003,0.0
170310205004,0.0
170310206011,0.0
170310206012,0.0
170310206013,0.0
170310206021,0.0
170310206022,0.0
170310206023,0.0
170310206024,0.0
170310207011,0.0
170310207012,0.0
170310207021,0.0
170310207022,1.0
170310207023,0.0
170310207024,0.0
170310208011,0.0
170310208012,0.0
170310208013,0.0
170310208014,0.0
170310208021,0.0
170310208022,0.0
170310208023,0.0
170310208024,0.0
170310209011,0.0
170310209012,0.0
170310209013,0.0
170310209021,0.0
170310209022,0.0
170310301011,1.0
170310301012,0.0
170310301013,0.0
170310301014,0.0
170310301021,0.0
170310301022,0.0
170310301023,0.0
170310301031,0.0
170310301032,0.0
170310301041,0.0
170310301042,0.0
170310302001,0.0
170310302002,0.0
170310302003,0.0
170310302004,0.0
170310303001,0.0
170310303002,0.0
170310304001,0.0
170310304002,0.0
170310305001,0.0
170310305002,0.0
170310305003,0.0
170310305004,0.0
170310306011,0.0
170310306012,0.0
170310306013,0.0
170310306031,0.0
170310306032,0.0
170310306041,0.0
170310306042,0.0
170310306043,0.0
170310307011,0.0
170310307021,0.0
170310307022,0.0
170310307031,0.0
170310307032,0.0
170310307033,0.0
170310307061,1.0
170310307062,0.0
170310308001,0.0
170310308002,0.0
170310308003,0.0
170310308004,0.0
170310309001,0.0
170310309002,0.0
170310309003,0.0
170310309004,0.0
170310310001,0.0
170310310002,0.0
170310310003,0.0
170310311001,0.0
170310311002,0.0
170310311003,0.0
170310312001,0.0
170310312002,0.0
170310312003,1.0
170310312004,1.0
170310313001,1.0
170310313002,0.0
170310313003,0.0
170310313004,0.0
170310313005,0.0
170310314001,0.0
170310314002,0.0
170310314003,0.0
170310314004,0.0
170310314005,0.0
170310314006,0.0
170310315011,0.0
170310315012,0.0
170310315013,0.0
170310315021,0.0
170310315022,0.0
170310315023,0.0
170310317001,0.0
170310317002,0.0
170310317003,1.0
170310317004,0.0
170310318001,0.0
170310319001,0.0
170310319002,0.0
170310321001,0.0
170310321002,0.0
170310321003,0.0
170310321004,0.0
170310321005,0.0
170310401001,0.0
170310401002,0.0
170310401003,0.0
170310402011,0.0
170310402012,0.0
170310402013,0.0
170310402014,0.0
170310402021,0.0
170310402022,0.0
170310402023,0.0
170310402024,0.0
170310403001,0.0
170310403002,0.0
170310403003,0.0
170310404011,0.0
170310404012,0.0
170310404013,0.0
170310404014,0.0
170310404021,0.0
170310404022,0.0
170310404023,0.0
170310404024,0.0
170310404025,0.0
170310406001,0.0
170310406002,0.0
170310406003,0.0
170310407001,0.0
170310407002,0.0
170310407003,0.0
170310407004,0.0
170310408001,0.0
170310408002,0.0
170310409001,0.0
170310409002,0.0
170310501001,0.0
170310501002,0.0
170310502001,0.0
170310502002,0.0
170310502003,0.0
170310503001,0.0
170310503002,0.0
170310503003,0.0
170310505001,0.0
170310505002,0.0
170310505003,0.0
170310505004,0.0
170310505005,0.0
170310506001,0.0
170310506002,0.0
170310507001,0.0
170310508001,0.0
170310509001,0.0
170310510001,0.0
170310511001,0.0
170310512001,0.0
170310512002,0.0
170310513001,0.0
170310513002,0.0
170310514001,0.0
170310514002,0.0
170310601001,0.0
170310601002,0.0
170310601003,0.0
170310602001,0.0
170310602002,0.0
170310603001,0.0
170310603002,0.0
170310604001,0.0
170310604002,0.0
170310604003,0.0
170310605001,0.0
170310608001,0.0
170310608002,0.0
170310608003,1.0
170310609001,0.0
170310609002,0.0
170310609003,0.0
170310609004,0.0
170310609005,0.0
170310610001,0.0
170310611001,0.0
170310612001,0.0
170310615001,0.0
170310618001,0.0
170310619011,0.0
170310619012,0.0
170310619013,0.0
170310619014,0.0
170310619021,0.0
170310619022,0.0
170310619023,0.0
170310619024,0.0
170310620001,0.0
170310620002,0.0
170310621001,0.0
170310621002,0.0
170310621003,0.0
170310622001,0.0
170310622002,0.0
170310623001,0.0
170310624001,0.0
170310625001,0.0
170310626001,0.0
170310627001,0.0
170310627002,0.0
170310627003,0.0
170310628001,0.0
170310628002,0.0
170310628003,0.0
170310629001,0.0
170310629002,0.0
170310629003,0.0
170310630001,0.0
170310630002,0.0
170310630003,0.0
170310631001,0.0
170310631002,0.0
170310632001,0.0
170310632002,0.0
170310632003,0.0
170310632004,0.0
170310632005,0.0
170310632006,0.0
170310633011,0.0
170310633012,0.0
170310633013,0.0
170310633021,0.0
170310633022,0.0
170310633023,0.0
170310633024,0.0
170310633031,0.0
170310633032,0.0
170310634001,0.0
170310634002,0.0
170310701011,0.0
170310701012,0.0
170310701013,0.0
170310701021,0.0
170310701022,0.0
170310701023,0.0
170310701031,0.0
170310701032,0.0
170310702001,0.0
170310702002,0.0
170310702003,0.0
170310703001,0.0
170310703002,0.0
170310704001,0.0
170310704002,0.0
170310704003,0.0
170310705001,0.0
170310705002,0.0
170310705003,0.0
170310706001,0.0
170310706002,0.0
170310707001,0.0
170310707002,0.0
170310710001,0.0
170310710002,0.0
170310711001,0.0
170310711002,0.0
170310712001,0.0
170310712002,0.0
170310713001,0.0
170310713002,0.0
170310714001,0.0
170310714002,0.0
170310714003,0.0
170310714004,0.0
170310715001,0.0
170310715002,0.0
170310715003,0.0
170310715004,0.0
170310715005,0.0
170310715006,0.0
170310716001,0.0
170310717001,0.0
170310717002,0.0
170310718001,0.0
170310718002,0.0
170310801001,0.0
170310801002,0.0
170310801003,0.0
170310801004,0.0
170310801005,0.0
170310801006,0.0
170310801007,0.0
170310802011,0.0
170310802012,0.0
170310802013,0.0
170310802021,0.0
170310802022,0.0
170310802023,0.0
170310803001,0.0
170310803002,0.0
170310803003,0.0
170310803004,0.0
170310804001,1.0
170310804002,0.0
170310804003,0.0
170310810001,0.0
170310810002,0.0
170310810003,0.0
170310810004,0.0
170310810005,0.0
170310810006,1.0
170310811001,0.0
170310811002,0.0
170310811003,0.0
170310812011,0.0
170310812012,0.0
170310812013,0.0
170310812021,0.0
170310812022,0.0
170310812023,0.0
170310812024,0.0
170310813001,0.0
170310813002,0.0
170310813003,0.0
170310813004,0.0
170310813005,0.0
170310813006,0.0
170310814011,0.0
170310814012,0.0
170310814021,1.0
170310814022,0.0
170310814023,0.0
170310814031,1.0
170310814032,0.0
170310814033,0.0
170310815001,0.0
170310815002,0.0
170310815003,0.0
170310816001,0.0
170310816002,0.0
170310817001,0.0
170310817002,0.0
170310818001,0.0
170310818002,0.0
170310818003,0.0
170310819001,0.0
170310901001,0.0
170310901002,0.0
170310901003,0.0
170310901004,0.0
170310902001,0.0
170310902002,0.0
170310902003,0.0
170310902004,0.0
170310902005,0.0
170310903001,0.0
170311001001,0.0
170311001002,0.0
170311001003,0.0
170311001004,0.0
170311001005,0.0
170311002001,0.0
170311002002,0.0
170311002003,0.0
170311002004,0.0
170311002005,0.0
170311002006,0.0
170311002007,0.0
170311003001,0.0
170311003002,0.0
170311003003,0.0
170311003004,0.0
170311003005,0.0
170311003006,0.0
170311004001,0.0
170311004002,0.0
170311004003,0.0
170311005001,0.0
170311005002,0.0
170311005003,0.0
170311005004,0.0
170311005005,0.0
170311006001,0.0
170311006002,0.0
170311006003,0.0
170311006004,0.0
170311007001,0.0
170311007002,0.0
170311007003,0.0
170311007004,0.0
170311007005,0.0
170311101001,0.0
170311101002,0.0
170311101003,0.0
170311101004,0.0
170311101005,0.0
170311102001,0.0
170311102002,0.0
170311103001,0.0
170311103002,0.0
170311103003,0.0
170311103004,0.0
170311103005,0.0
170311104001,0.0
170311104002,0.0
170311104003,0.0
170311105011,0.0
170311105012,0.0
170311105013,0.0
170311105014,0.0
170311105015,0.0
170311105021,0.0
170311105022,0.0
170311201001,0.0
170311201002,0.0
170311201003,0.0
170311201004,0.0
170311202001,0.0
170311202002,0.0
170311202003,0.0
170311202004,0.0
170311203001,0.0
170311203002,0.0
170311203003,0.0
170311203004,0.0
170311203005,0.0
170311203006,0.0
170311204001,0.0
170311204002,0.0
170311204003,0.0
170311301001,0.0
170311301002,0.0
170311301003,0.0
170311302001,0.0
170311303001,0.0
170311303002,0.0
170311303003,0.0
170311303004,0.0
170311401001,0.0
170311401002,0.0
170311402001,0.0
170311402002,0.0
170311402003,0.0
170311403011,0.0
170311403012,0.0
170311403021,0.0
170311403022,0.0
170311403023,0.0
170311404001,0.0
170311404002,0.0
170311404003,0.0
170311404004,0.0
170311404005,0.0
170311405001,0.0
170311405002,0.0
170311405003,0.0
170311406011,0.0
170311406021,0.0
170311406022,1.0
170311406023,0.0
170311406024,0.0
170311407011,0.0
170311407012,0.0
170311407021,0.0
170311407022,0.0
170311407023,0.0
170311407024,0.0
170311408001,0.0
170311408002,0.0
170311408003,0.0
170311408004,0.0
170311408005,0.0
170311502001,0.0
170311502002,0.0
170311502003,0.0
170311502004,0.0
170311502005,0.0
170311503001,0.0
170311503002,0.0
170311503003,0.0
170311503004,0.0
170311503005,0.0
170311503006,0.0
170311503007,0.0
170311504011,0.0
170311504012,0.0
170311504013,0.0
170311504014,0.0
170311504021,0.0
170311504022,0.0
170311504023,0.0
170311505011,0.0
170311505012,0.0
170311505013,0.0
170311505021,0.0
170311505022,0.0
170311505023,0.0
170311506001,0.0
170311506002,0.0
170311506003,0.0
170311506004,0.0
170311507001,0.0
170311507002,0.0
170311507003,0.0
170311507004,0.0
170311508001,0.0
170311508002,0.0
170311508003,0.0
170311508004,0.0
170311508005,0.0
170311510011,0.0
170311510012,0.0
170311510021,0.0
170311510022,0.0
170311510023,0.0
170311510024,1.0
170311511001,0.0
170311511002,0.0
170311511003,0.0
170311511004,0.0
170311512001,0.0
170311512002,0.0
170311512003,0.0
170311601001,0.0
170311601002,0.0
170311602001,0.0
170311602002,0.0
170311602003,0.0
170311602004,0.0
170311603001,0.0
170311603002,0.0
170311603003,0.0
170311604001,0.0
170311604002,0.0
170311604003,0.0
170311605011,0.0
170311605012,0.0
170311605021,0.0
170311605022,0.0
170311605023,0.0
170311606011,0.0
170311606012,0.0
170311606013,0.0
170311606021,0.0
170311606022,0.0
170311606023,0.0
170311607001,0.0
170311607002,0.0
170311607003,0.0
170311607004,0.0
170311607005,0.0
170311608001,0.0
170311608002,0.0
170311608003,0.0
170311608004,0.0
170311608005,0.0
170311609001,0.0
170311609002,0.0
170311610001,0.0
170311610002,0.0
170311611001,0.0
170311611002,0.0
170311612001,0.0
170311612002,0.0
170311613001,0.0
170311613002,0.0
170311613003,0.0
170311613004,0.0
170311701001,0.0
170311702001,0.0
170311702002,0.0
170311702003,0.0
170311703001,0.0
170311703002,0.0
170311703003,0.0
170311703004,0.0
170311703005,0.0
170311704001,0.0
170311704002,0.0
170311704003,0.0
170311704004,0.0
170311705001,0.0
170311705002,0.0
170311705003,0.0
170311705004,0.0
170311706001,0.0
170311706002,0.0
170311707001,0.0
170311707002,0.0
170311707003,0.0
170311708001,0.0
170311708002,0.0
170311708003,0.0
170311709001,0.0
170311710001,0.0
170311710002,0.0
170311710003,0.0
170311710004,0.0
170311710005,0.0
170311710006,0.0
170311711001,0.0
170311711002,0.0
170311711003,0.0
170311801001,0.0
170311801002,0.0
170311801003,0.0
170311801004,0.0
170311801005,0.0
170311901001,0.0
170311902001,0.0
170311902002,0.0
170311902003,0.0
170311902004,0.0
170311903001,0.0
170311903002,0.0
170311903003,0.0
170311903004,0.0
170311904011,0.0
170311904012,0.0
170311904021,0.0
170311904022,0.0
170311906011,0.0
170311906012,0.0
170311906013,0.0
170311906021,0.0
170311906022,0.0
170311906023,0.0
170311907011,0.0
170311907012,0.0
170311907021,0.0
170311907022,0.0
170311907023,0.0
170311908001,0.0
170311908002,0.0
170311908003,0.0
170311908004,0.0
170311908005,0.0
170311909001,0.0
170311910001,0.0
170311910002,0.0
170311911001,0.0
170311911002,0.0
170311911003,0.0
170311911004,0.0
170311911005,0.0
170311911006,0.0
170311912001,0.0
170311912002,0.0
170311913011,0.0
170311913012,0.0
170311913013,0.0
170311913021,0.0
170311913022,1.0
170312001001,0.0
170312001002,0.0
170312001003,0.0
170312002001,0.0
170312002002,0.0
170312002003,0.0
170312002004,0.0
170312003001,0.0
170312003002,0.0
170312004011,0.0
170312004012,0.0
170312004021,0.0
170312004022,0.0
170312004023,0.0
170312101001,0.0
170312101002,0.0
170312101003,0.0
170312104001,0.0
170312104002,0.0
170312105011,0.0
170312105012,1.0
170312105021,0.0
170312105022,0.0
170312105023,0.0
170312106011,0.0
170312106012,0.0
170312106013,0.0
170312106021,0.0
170312106022,0.0
170312106023,0.0
170312107001,0.0
170312107002,0.0
170312107003,0.0
170312108001,0.0
170312109001,0.0
170312109002,0.0
170312203001,0.0
170312203002,0.0
170312204001,0.0
170312204002,0.0
170312205001,0.0
170312205002,0.0
170312205003,0.0
170312206011,0.0
170312206012,0.0
170312206021,0.0
170312206022,0.0
170312206023,0.0
170312206024,0.0
170312206025,0.0
170312207011,0.0
170312207012,0.0
170312207013,0.0
170312207021,0.0
170312207022,0.0
170312207023,0.0
170312207024,0.0
170312209011,0.0
170312209012,0.0
170312209013,0.0
170312209021,0.0
170312209022,0.0
170312210001,0.0
170312210002,0.0
170312211001,0.0
170312211002,0.0
170312211003,0.0
170312212001,0.0
170312212002,0.0
170312213001,0.0
170312213002,0.0
170312213003,0.0
170312214001,0.0
170312214002,0.0
170312214003,0.0
170312215001,0.0
170312215002,0.0
170312216001,0.0
170312216002,0.0
170312222001,0.0
170312222002,0.0
170312225001,0.0
170312226001,0.0
170312227001,0.0
170312227002,0.0
170312228001,0.0
170312229001,0.0
170312301001,0.0
170312302001,0.0
170312303001,0.0
170312304001,0.0
170312304002,0.0
170312305001,0.0
170312305002,0.0
170312306001,0.0
170312306002,0.0
170312306003,0.0
170312306004,0.0
170312306005,0.0
170312306006,0.0
170312307001,0.0
170312307002,0.0
170312307003,0.0
170312307004,0.0
170312308001,0.0
170312309001,0.0
170312309002,0.0
170312309003,0.0
170312311001,0.0
170312312001,0.0
170312312002,0.0
170312312003,0.0
170312312004,0.0
170312312005,1.0
170312315001,0.0
170312315002,1.0
170312315003,0.0
170312315004,0.0
170312315005,0.0
170312315006,1.0
170312402001,0.0
170312403001,0.0
170312405001,0.0
170312406001,0.0
170312407001,0.0
170312408001,0.0
170312408002,0.0
170312409001,0.0
170312410001,0.0
170312410002,0.0
170312411001,0.0
170312411002,0.0
170312412001,0.0
170312412002,0.0
170312413001,0.0
170312414001,0.0
170312414002,0.0
170312414003,0.0
170312414004,0.0
170312415001,0.0
170312415002,0.0
170312415003,0.0
170312416001,0.0
170312416002,0.0
170312420001,0.0
170312420002,0.0
170312420003,0.0
170312421001,0.0
170312421002,0.0
170312421003,0.0
170312422001,0.0
170312422002,0.0
170312423001,0.0
170312423002,0.0
170312424001,0.0
170312424002,0.0
170312425001,0.0
170312425002,0.0
170312426001,0.0
170312426002,0.0
170312426003,0.0
170312426004,0.0
170312427001,0.0
170312428001,0.0
170312429001,0.0
170312429002,0.0
170312430001,0.0
170312430002,0.0
170312431001,0.0
170312431002,0.0
170312432001,0.0
170312432002,0.0
170312433001,0.0
170312433002,0.0
170312434001,0.0
170312434002,0.0
170312434003,0.0
170312435001,0.0
170312435002,0.0
170312502001,0.0
170312502002,1.0
170312503001,0.0
170312503002,0.0
170312503003,1.0
170312503004,0.0
170312504001,0.0
170312504002,0.0
170312504003,0.0
170312504004,0.0
170312504005,0.0
170312505001,0.0
170312505002,0.0
170312505003,0.0
170312505004,0.0
170312505005,0.0
170312505006,0.0
170312505007,0.0
170312506001,0.0
170312506002,0.0
170312506003,0.0
170312506004,0.0
170312507001,0.0
170312507002,0.0
170312507003,0.0
170312507004,0.0
170312507005,0.0
170312508001,0.0
170312508002,0.0
170312510001,0.0
170312511001,0.0
170312511002,0.0
170312511003,0.0
170312511004,1.0
170312512001,0.0
170312512002,0.0
170312512003,0.0
170312512004,0.0
170312513001,0.0
170312513002,0.0
170312513003,0.0
170312513004,1.0
170312513005,0.0
170312514001,0.0
170312514002,0.0
170312514003,1.0
170312514004,1.0
170312515001,0.0
170312515002,0.0
170312515003,1.0
170312515004,1.0
170312516001,0.0
170312516002,0.0
170312516003,0.0
170312517001,1.0
170312518001,1.0
170312518002,1.0
170312518003,1.0
170312518004,0.0
170312518005,0.0
170312519001,0.0
170312519002,1.0
170312519003,0.0
170312519004,1.0
170312520001,1.0
170312520002,1.0
170312520003,1.0
170312520004,0.0
170312521011,1.0
170312521021,0.0
170312521022,1.0
170312521023,1.0
170312521024,0.0
170312522011,0.0
170312522012,0.0
170312522013,0.0
170312522021,0.0
170312522022,1.0
170312522023,0.0
170312522024,1.0
170312522025,0.0
170312601001,1.0
170312602001,1.0
170312603001,1.0
170312604001,1.0
170312605001,1.0
170312606001,0.0
170312606002,0.0
170312607001,0.0
170312607002,1.0
170312608001,1.0
170312608002,1.0
170312609001,0.0
170312609002,0.0
170312610001,0.0
170312610002,1.0
170312705001,1.0
170312712001,0.0
170312713001,1.0
170312714001,1.0
170312715001,0.0
170312718001,0.0
170312801001,1.0
170312801002,0.0
170312804001,0.0
170312808001,1.0
170312809001,1.0
170312819001,0.0
170312819002,0.0
170312819003,1.0
170312827001,0.0
170312827002,0.0
170312828001,0.0
170312831001,0.0
170312831002,0.0
170312832001,0.0
170312838001,0.0
170312838002,0.0
170312909001,0.0
170312909002,0.0
170312909003,0.0
170312909004,1.0
170312912001,0.0
170312912002,0.0
170312916001,0.0
170312922001,0.0
170312922002,0.0
170312922003,0.0
170312924001,0.0
170312924002,1.0
170312925001,1.0
170312925002,0.0
170312925003,0.0
170312925004,0.0
170313005001,0.0
170313005002,0.0
170313006001,0.0
170313006002,0.0
170313007001,0.0
170313007002,0.0
170313007003,0.0
170313008001,0.0
170313008002,0.0
170313009001,0.0
170313009002,0.0
170313009003,0.0
170313011001,0.0
170313011002,0.0
170313012001,0.0
170313012002,0.0
170313012003,0.0
170313016001,0.0
170313016002,0.0
170313017011,0.0
170313017012,0.0
170313017013,0.0
170313017021,0.0
170313017022,0.0
170313017023,0.0
170313018011,0.0
170313018012,0.0
170313018021,0.0
170313018022,0.0
170313018023,0.0
170313018031,0.0
170313018032,0.0
170313018033,0.0
170313102001,0.0
170313102002,0.0
170313103001,0.0
170313104001,0.0
170313105001,0.0
170313106001,0.0
170313106002,0.0
170313106003,0.0
170313107001,0.0
170313108001,0.0
170313108002,0.0
170313108003,0.0
170313109001,0.0
170313109002,0.0
170313109003,0.0
170313201001,0.0
170313201002,0.0
170313201003,1.0
170313201004,1.0
170313204001,0.0
170313206001,0.0
170313206002,0.0
170313301001,0.0
170313301002,1.0
170313301003,1.0
170313301004,1.0
170313302001,0.0
170313302002,0.0
170313403001,0.0
170313404001,0.0
170313405001,0.0
170313406001,0.0
170313501001,0.0
170313501002,0.0
170313504001,1.0
170313510001,0.0
170313510002,1.0
170313510003,1.0
170313511001,1.0
170313511002,0.0
170313511003,0.0
170313514001,0.0
170313515001,0.0
170313515002,0.0
170313602001,1.0
170313801001,1.0
170313802001,0.0
170313802002,0.0
170313805001,0.0
170313807001,0.0
170313812001,0.0
170313812002,1.0
170313814001,1.0
170313815001,0.0
170313817001,0.0
170313818001,1.0
170313818002,0.0
170313819001,0.0
170313819002,0.0
170313901001,0.0
170313902001,0.0
170313902002,0.0
170313903001,0.0
170313903002,1.0
170313904001,1.0
170313904002,1.0
170313905001,1.0
170313906001,0.0
170313906002,0.0
170313907001,1.0
170313907002,0.0
170313907003,1.0
170314003001,1.0
170314004001,1.0
170314004002,0.0
170314005001,1.0
170314005002,1.0
170314008001,1.0
170314008002,1.0
170314101001,0.0
170314101002,0.0
170314102001,0.0
170314105001,0.0
170314105002,1.0
170314106001,0.0
170314106002,0.0
170314107001,0.0
170314108001,1.0
170314108002,1.0
170314109001,0.0
170314109002,0.0
170314109003,0.0
170314110001,0.0
170314110002,0.0
170314110003,0.0
170314111001,0.0
170314111002,0.0
170314112001,0.0
170314112002,0.0
170314201001,1.0
170314202001,1.0
170314203001,1.0
170314204001,0.0
170314205001,0.0
170314205002,0.0
170314206001,1.0
170314206002,0.0
170314207001,0.0
170314207002,0.0
170314207003,0.0
170314207004,0.0
170314207005,1.0
170314208001,0.0
170314208002,1.0
170314212001,0.0
170314212002,0.0
170314301011,1.0
170314301012,1.0
170314301013,1.0
170314301014,1.0
170314301021,1.0
170314301022,0.0
170314301023,1.0
170314302001,0.0
170314302002,1.0
170314302003,0.0
170314302004,1.0
170314302005,1.0
170314303001,1.0
170314303002,1.0
170314303003,0.0
170314304001,0.0
170314304002,0.0
170314304003,1.0
170314304004,0.0
170314305001,1.0
170314305002,1.0
170314305003,1.0
170314306001,0.0
170314306002,1.0
170314307001,1.0
170314307002,1.0
170314308001,0.0
170314308002,0.0
170314309001,1.0
170314309002,0.0
170314312001,0.0
170314312002,1.0
170314313011,0.0
170314313012,1.0
170314313013,1.0
170314313021,1.0
170314313022,1.0
170314313023,1.0
170314314001,1.0
170314314002,1.0
170314314003,1.0
170314314004,0.0
170314401011,1.0
170314401012,1.0
170314401013,0.0
170314401014,1.0
170314401021,1.0
170314401022,0.0
170314401023,0.0
170314401024,1.0
170314402011,1.0
170314402012,1.0
170314402013,1.0
170314402014,1.0
170314402021,0.0
170314402022,1.0
170314402023,0.0
170314403001,0.0
170314403002,0.0
170314403003,0.0
170314403004,0.0
170314403005,0.0
170314406001,0.0
170314406002,0.0
170314407001,0.0
170314407002,0.0
170314408001,0.0
170314408002,1.0
170314409001,0.0
170314409002,0.0
170314409003,0.0
170314503001,0.0
170314503002,0.0
170314503003,0.0
170314503004,0.0
170314601001,1.0
170314601002,0.0
170314601003,0.0
170314601004,1.0
170314602001,0.0
170314602002,0.0
170314603011,0.0
170314603012,0.0
170314603013,0.0
170314603021,0.0
170314603022,1.0
170314603023,0.0
170314603024,1.0
170314604001,1.0
170314604002,1.0
170314604003,0.0
170314604004,0.0
170314605001,1.0
170314605002,0.0
170314605003,0.0
170314605004,0.0
170314605005,0.0
170314605006,0.0
170314605007,1.0
170314606001,0.0
170314607001,1.0
170314607002,0.0
170314607003,0.0
170314610001,1.0
170314701001,0.0
170314701002,0.0
170314801001,0.0
170314801002,0.0
170314802001,0.0
170314802002,0.0
170314803001,0.0
170314803002,0.0
170314804001,0.0
170314804002,0.0
170314804003,0.0
170314804004,0.0
170314804005,0.0
170314804006,0.0
170314804007,0.0
170314805001,0.0
170314805002,0.0
170314805003,0.0
170314903001,0.0
170314903002,0.0
170314904001,0.0
170314905001,0.0
170314905002,0.0
170314906001,0.0
170314907001,0.0
170314907002,0.0
170314907003,0.0
170314908001,0.0
170314908002,0.0
170314908003,0.0
170314908004,0.0
170314908005,0.0
170314909011,1.0
170314909012,0.0
170314909013,0.0
170314909021,0.0
170314909022,1.0
170314909023,0.0
170314909024,0.0
170314910001,0.0
170314910002,0.0
170314910003,0.0
170314910004,0.0
170314910005,1.0
170314911001,0.0
170314911002,0.0
170314911003,0.0
170314911004,0.0
170314911005,0.0
170314912001,0.0
170314912002,0.0
170314912003,0.0
170314913001,0.0
170314913002,0.0
170314913003,0.0
170314913004,0.0
170314914001,1.0
170314914002,1.0
170314914003,0.0
170315001001,0.0
170315001002,0.0
170315001003,0.0
170315001004,1.0
170315002001,0.0
170315002002,0.0
170315003001,0.0
170315003002,0.0
170315101001,0.0
170315101002,0.0
170315102001,0.0
170315102002,0.0
170315102003,0.0
170315103001,0.0
170315103002,0.0
170315103003,0.0
170315103004,0.0
170315201001,0.0
170315202001,0.0
170315202002,0.0
170315202003,0.0
170315203001,0.0
170315203002,0.0
170315203003,0.0
170315203004,0.0
170315204001,0.0
170315204002,0.0
170315204003,0.0
170315204004,0.0
170315205001,0.0
170315205002,0.0
170315205003,0.0
170315206001,0.0
170315301001,0.0
170315301002,0.0
170315302001,0.0
170315302002,0.0
170315302003,0.0
170315302004,0.0
170315302005,0.0
170315303001,0.0
170315303002,0.0
170315303003,0.0
170315303004,0.0
170315304001,0.0
170315304002,0.0
170315305011,1.0
170315305012,0.0
170315305013,0.0
170315305014,0.0
170315305021,0.0
170315305031,0.0
170315305032,1.0
170315305033,0.0
170315306001,1.0
170315306002,0.0
170315306003,0.0
170315401011,1.0
170315401012,1.0
170315401013,1.0
170315401014,0.0
170315401021,0.0
170315401022,1.0
170315401023,0.0
170315501001,0.0
170315501002,0.0
170315501003,0.0
170315501004,0.0
170315501005,0.0
170315501006,0.0
170315502001,0.0
170315502002,0.0
170315601001,0.0
170315602001,0.0
170315602002,0.0
170315602003,0.0
170315603001,0.0
170315603002,0.0
170315604001,0.0
170315607001,0.0
170315607002,0.0
170315608001,0.0
170315608002,0.0
170315608003,0.0
170315608004,0.0
170315608005,0.0
170315609001,0.0
170315609002,0.0
170315609003,0.0
170315609004,0.0
170315609005,0.0
170315609006,0.0
170315610001,0.0
170315610002,0.0
170315610003,0.0
170315610004,0.0
170315610005,0.0
170315610006,0.0
170315611001,0.0
170315611002,0.0
170315611003,0.0
170315611004,0.0
170315611005,0.0
170315611006,0.0
170315701001,0.0
170315702001,0.0
170315703001,0.0
170315703002,0.0
170315703003,0.0
170315703004,0.0
170315704001,0.0
170315704002,0.0
170315705001,0.0
170315705002,0.0
170315801001,0.0
170315801002,0.0
170315802001,0.0
170315802002,0.0
170315803001,0.0
170315804001,0.0
170315804002,0.0
170315804003,0.0
170315804004,0.0
170315805011,0.0
170315805012,0.0
170315805013,0.0
170315805014,0.0
170315805021,0.0
170315805022,0.0
170315805023,0.0
170315806001,0.0
170315806002,0.0
170315806003,0.0
170315806004,0.0
170315807001,0.0
170315807002,0.0
170315807003,0.0
170315808001,0.0
170315905001,0.0
170315906001,0.0
170315906002,0.0
170315906003,0.0
170315907001,0.0
170315907002,0.0
170316004001,0.0
170316004002,0.0
170316004003,0.0
170316006001,0.0
170316006002,0.0
170316007001,0.0
170316007002,0.0
170316009001,0.0
170316009002,0.0
170316009003,0.0
170316009004,0.0
170316103001,0.0
170316103002,0.0
170316103003,1.0
170316104001,0.0
170316108001,0.0
170316110001,0.0
170316111001,0.0
170316111002,0.0
170316111003,0.0
170316112001,0.0
170316112002,0.0
170316113001,0.0
170316113002,0.0
170316113003,0.0
170316114001,0.0
170316114002,0.0
170316114003,0.0
170316115001,0.0
170316115002,0.0
170316116001,0.0
170316116002,0.0
170316117001,0.0
170316117002,0.0
170316117003,0.0
170316118001,0.0
170316118002,0.0
170316119001,0.0
170316119002,0.0
170316120001,0.0
170316120002,1.0
170316121001,0.0
170316201001,0.0
170316201002,0.0
170316201003,0.0
170316202001,0.0
170316202002,0.0
170316203001,0.0
170316203002,0.0
170316203003,0.0
170316203004,0.0
170316203005,0.0
170316203006,0.0
170316204001,0.0
170316204002,0.0
170316204003,0.0
170316204004,0.0
170316301001,0.0
170316302001,0.0
170316303001,0.0
170316303002,0.0
170316304001,0.0
170316304002,0.0
170316304003,0.0
170316304004,0.0
170316305001,0.0
170316305002,0.0
170316305003,0.0
170316305004,0.0
170316308001,0.0
170316308002,0.0
170316308003,0.0
170316308004,0.0
170316309001,0.0
170316309002,0.0
170316309003,0.0
170316401001,0.0
170316403001,0.0
170316403002,0.0
170316403003,0.0
170316403004,0.0
170316403005,0.0
170316403006,0.0
170316404001,0.0
170316404002,0.0
170316405001,0.0
170316405002,0.0
170316406001,0.0
170316406002,0.0
170316406003,0.0
170316407001,0.0
170316407002,0.0
170316407003,0.0
170316407004,0.0
170316408001,0.0
170316408002,0.0
170316501001,0.0
170316501002,0.0
170316501003,0.0
170316501004,0.0
170316502001,0.0
170316502002,0.0
170316502003,0.0
170316502004,0.0
170316502005,0.0
170316502006,0.0
170316503011,0.0
170316503012,0.0
170316503013,0.0
170316503014,0.0
170316503021,0.0
170316503022,0.0
170316504001,0.0
170316504002,0.0
170316504003,0.0
170316504004,0.0
170316504005,0.0
170316505001,0.0
170316505002,0.0
170316505003,1.0
170316603011,1.0
170316603021,0.0
170316603022,0.0
170316603023,1.0
170316603024,0.0
170316604001,0.0
170316604002,0.0
170316604003,0.0
170316604004,0.0
170316605001,0.0
170316605002,0.0
170316605003,0.0
170316605004,0.0
170316606001,1.0
170316606002,1.0
170316606003,1.0
170316606004,1.0
170316606005,1.0
170316607001,0.0
170316607002,0.0
170316608001,1.0
170316608002,0.0
170316608003,1.0
170316608004,0.0
170316608005,1.0
170316609001,1.0
170316609002,0.0
170316609003,1.0
170316610001,0.0
170316610002,0.0
170316610003,0.0
170316610004,0.0
170316610005,0.0
170316611001,0.0
170316611002,0.0
170316611003,0.0
170316611004,0.0
170316611005,0.0
170316701001,0.0
170316701002,0.0
170316702001,0.0
170316703001,0.0
170316703002,0.0
170316704001,1.0
170316705001,0.0
170316706001,0.0
170316706002,0.0
170316707001,0.0
170316707002,0.0
170316708001,0.0
170316708002,0.0
170316709001,0.0
170316709002,0.0
170316711001,1.0
170316712001,0.0
170316712002,0.0
170316713001,0.0
170316713002,0.0
170316713003,0.0
170316714001,0.0
170316714002,0.0
170316715001,0.0
170316715002,0.0
170316715003,0.0
170316716001,0.0
170316716002,0.0
170316716003,0.0
170316718001,0.0
170316719001,0.0
170316720001,0.0
170316720002,0.0
170316720003,0.0
170316720004,0.0
170316805001,0.0
170316805002,1.0
170316806001,0.0
170316806002,0.0
170316809001,1.0
170316809002,0.0
170316809003,0.0
170316809004,0.0
170316810001,0.0
170316810002,0.0
170316810003,0.0
170316810004,1.0
170316811001,0.0
170316811002,1.0
170316811003,1.0
170316811004,0.0
170316811005,0.0
170316812001,0.0
170316812002,0.0
170316812003,1.0
170316812004,0.0
170316813001,1.0
170316813002,1.0
170316813003,0.0
170316814001,0.0
170316814002,0.0
170316814003,0.0
170316814004,0.0
170316903001,1.0
170316903002,0.0
170316904001,0.0
170316904002,1.0
170316904003,1.0
170316904004,1.0
170316905001,1.0
170316909001,0.0
170316909002,0.0
170316909003,1.0
170316909004,1.0
170316909005,1.0
170316910001,0.0
170316910002,0.0
170316910003,0.0
170316910004,1.0
170316911001,0.0
170316911002,0.0
170316911003,1.0
170316911004,0.0
170316912001,1.0
170316912002,0.0
170316912003,1.0
170316913001,0.0
170316913002,0.0
170316914001,0.0
170316914002,0.0
170316914003,0.0
170316914004,0.0
170316914005,1.0
170316915001,0.0
170316915002,0.0
170316915003,1.0
170317001001,0.0
170317001002,0.0
170317002001,0.0
170317002002,0.0
170317002003,0.0
170317002004,0.0
170317003011,0.0
170317003012,0.0
170317003013,0.0
170317003021,0.0
170317003022,0.0
170317003023,0.0
170317003024,0.0
170317004011,0.0
170317004012,0.0
170317004013,0.0
170317004014,0.0
170317004021,0.0
170317004022,0.0
170317004023,0.0
170317005011,0.0
170317005012,0.0
170317005013,0.0
170317005014,0.0
170317005015,0.0
170317005016,0.0
170317005021,0.0
170317005022,0.0
170317101001,0.0
170317102001,1.0
170317102002,1.0
170317102003,1.0
170317102004,0.0
170317102005,1.0
170317103001,1.0
170317104001,0.0
170317104002,0.0
170317104003,0.0
170317104004,0.0
170317104005,0.0
170317104006,0.0
170317105001,1.0
170317105002,1.0
170317105003,0.0
170317105004,0.0
170317106001,1.0
170317106002,1.0
170317107001,0.0
170317107002,0.0
170317107003,1.0
170317107004,0.0
170317108001,0.0
170317108002,0.0
170317108003,0.0
170317108004,1.0
170317108005,0.0
170317108006,0.0
170317109001,0.0
170317109002,0.0
170317110001,0.0
170317110002,1.0
170317110003,0.0
170317111001,0.0
170317111002,0.0
170317111003,0.0
170317112001,0.0
170317112002,0.0
170317112003,0.0
170317112004,0.0
170317113001,0.0
170317113002,0.0
170317114001,0.0
170317114002,0.0
170317114003,0.0
170317115001,0.0
170317115002,0.0
170317201001,0.0
170317201002,0.0
170317201003,0.0
170317202001,0.0
170317202002,0.0
170317202003,0.0
170317203001,0.0
170317203002,0.0
170317203003,0.0
170317203004,0.0
170317204001,0.0
170317204002,0.0
170317205001,0.0
170317205002,0.0
170317206001,0.0
170317206002,0.0
170317207001,0.0
170317207002,0.0
170317207003,0.0
170317301001,0.0
170317301002,0.0
170317301003,0.0
170317302011,1.0
170317302012,0.0
170317302013,1.0
170317302014,1.0
170317302015,0.0
170317302021,0.0
170317302022,0.0
170317302023,0.0
170317303001,0.0
170317304001,0.0
170317304002,0.0
170317304003,0.0
170317304004,0.0
170317305001,0.0
170317305002,0.0
170317305003,0.0
170317305004,0.0
170317306001,0.0
170317306002,0.0
170317306003,0.0
170317307001,0.0
170317307002,0.0
170317401001,0.0
170317401002,0.0
170317401003,0.0
170317401004,0.0
170317402001,0.0
170317402002,0.0
170317402003,0.0
170317402004,0.0
170317403001,0.0
170317403002,0.0
170317403003,0.0
170317403004,0.0
170317403005,0.0
170317404001,0.0
170317404002,0.0
170317404003,0.0
170317404004,0.0
170317501001,0.0
170317501002,0.0
170317501003,0.0
170317501004,0.0
170317502001,0.0
170317502002,0.0
170317502003,0.0
170317502004,0.0
170317503001,0.0
170317503002,0.0
170317503003,0.0
170317504001,0.0
170317504002,0.0
170317504003,0.0
170317505001,0.0
170317505002,0.0
170317505003,0.0
170317505004,0.0
170317506001,0.0
170317506002,0.0
170317506003,0.0
170317506004,0.0
170317608011,0.0
170317608012,0.0
170317608021,0.0
170317608031,0.0
170317608032,0.0
170317608033,0.0
170317608034,0.0
170317702011,0.0
170317702012,0.0
170317702013,0.0
170317702021,0.0
170317702022,0.0
170317702023,0.0
170317703001,0.0
170317703002,0.0
170317703003,0.0
170317703004,1.0
170317703005,0.0
170317704001,0.0
170317704002,0.0
170317704003,0.0
170317705001,0.0
170317705002,0.0
170317706011,0.0
170317706012,0.0
170317706013,0.0
170317706021,0.0
170317706022,0.0
170317706023,0.0
170317707001,0.0
170317707002,0.0
170317708001,0.0
170317708002,0.0
170317709011,0.0
170317709012,0.0
170317709013,0.0
170317709014,0.0
170317709021,0.0
170317709022,0.0
170318001001,0.0
170318001002,0.0
170318002001,0.0
170318002002,0.0
170318002003,0.0
170318002004,0.0
170318002005,0.0
170318002006,0.0
170318003001,0.0
170318003002,0.0
170318003003,0.0
170318004001,0.0
170318004002,0.0
170318004003,0.0
170318005001,0.0
170318005002,0.0
170318005003,0.0
170318005004,0.0
170318005005,0.0
170318006001,0.0
170318006002,0.0
170318007001,0.0
170318007002,0.0
170318007003,0.0
170318007004,0.0
170318008001,0.0
170318009001,0.0
170318009002,0.0
170318009003,0.0
170318009004,0.0
170318010001,0.0
170318010002,0.0
170318010003,0.0
170318010004,0.0
170318011001,0.0
170318011002,0.0
170318011003,0.0
170318011004,0.0
170318012001,0.0
170318012002,0.0
170318012003,0.0
170318013001,0.0
170318013002,0.0
170318013003,0.0
170318013004,0.0
170318014001,0.0
170318014002,0.0
170318015001,0.0
170318015002,0.0
170318015003,0.0
170318016011,0.0
170318016012,0.0
170318016031,0.0
170318016032,0.0
170318016051,0.0
170318016052,0.0
170318016053,0.0
170318016054,0.0
170318016055,0.0
170318016061,0.0
170318016062,0.0
170318016063,0.0
170318016064,0.0
170318016065,0.0
170318016071,0.0
170318016072,0.0
170318016073,0.0
170318016081,0.0
170318016082,0.0
170318016083,0.0
170318016084,0.0
170318017011,0.0
170318017012,0.0
170318017021,0.0
170318017022,0.0
170318017023,0.0
170318017024,0.0
170318018001,0.0
170318018002,0.0
170318018003,0.0
170318018004,0.0
170318019011,0.0
170318019012,0.0
170318019013,0.0
170318019021,0.0
170318019022,0.0
170318019023,0.0
170318020021,0.0
170318020022,0.0
170318020031,0.0
170318020041,0.0
170318020042,0.0
170318020043,0.0
170318020044,0.0
170318021001,0.0
170318021002,0.0
170318021003,0.0
170318022001,0.0
170318022002,0.0
170318022003,0.0
170318023001,0.0
170318024021,0.0
170318024022,0.0
170318024023,0.0
170318024024,0.0
170318024031,0.0
170318024041,1.0
170318024042,0.0
170318024043,0.0
170318024044,1.0
170318025031,0.0
170318025032,0.0
170318025033,0.0
170318025034,0.0
170318025041,0.0
170318025042,0.0
170318025043,0.0
170318025044,0.0
170318025051,1.0
170318025052,0.0
170318025053,0.0
170318025061,0.0
170318025062,0.0
170318026051,0.0
170318026052,0.0
170318026053,0.0
170318026054,0.0
170318026055,0.0
170318026071,0.0
170318026081,0.0
170318026082,0.0
170318026083,0.0
170318026084,0.0
170318026091,0.0
170318026092,0.0
170318026093,0.0
170318026094,0.0
170318026101,0.0
170318027011,0.0
170318027012,0.0
170318027013,0.0
170318027014,0.0
170318027021,0.0
170318027022,0.0
170318027023,0.0
170318028011,0.0
170318028012,0.0
170318028013,0.0
170318028014,0.0
170318028015,0.0
170318028021,0.0
170318028022,0.0
170318028023,0.0
170318028024,0.0
170318028025,0.0
170318029001,0.0
170318029002,0.0
170318029003,0.0
170318029004,0.0
170318030051,0.0
170318030052,0.0
170318030071,0.0
170318030072,0.0
170318030073,0.0
170318030081,0.0
170318030082,0.0
170318030083,0.0
170318030101,0.0
170318030102,0.0
170318030103,0.0
170318030104,0.0
170318030121,0.0
170318030131,0.0
170318030132,0.0
170318030133,0.0
170318030141,0.0
170318030142,0.0
170318030151,0.0
170318030152,0.0
170318030153,0.0
170318030161,0.0
170318030171,0.0
170318030172,0.0
170318030173,0.0
170318031001,0.0
170318031002,0.0
170318032001,0.0
170318032002,0.0
170318032003,0.0
170318033001,0.0
170318033002,0.0
170318033003,0.0
170318034001,0.0
170318034002,0.0
170318034003,0.0
170318034004,0.0
170318034005,0.0
170318034006,0.0
170318035001,0.0
170318035002,0.0
170318035003,0.0
170318035004,0.0
170318035005,0.0
170318036031,0.0
170318036032,0.0
170318036033,0.0
170318036034,0.0
170318036041,0.0
170318036042,0.0
170318036043,0.0
170318036044,0.0
170318036051,0.0
170318036052,0.0
170318036053,0.0
170318036054,1.0
170318036061,0.0
170318036062,0.0
170318036063,1.0
170318036064,0.0
170318036071,0.0
170318036072,0.0
170318036073,0.0
170318036074,0.0
170318036081,0.0
170318036082,0.0
170318036083,0.0
170318036101,0.0
170318036102,0.0
170318036103,0.0
170318036104,1.0
170318036111,0.0
170318036112,0.0
170318036113,1.0
170318036114,0.0
170318036115,1.0
170318036121,1.0
170318036122,0.0
170318037011,0.0
170318037012,0.0
170318037021,0.0
170318037022,0.0
170318037023,0.0
170318037024,0.0
170318038001,0.0
170318038002,0.0
170318038003,0.0
170318038004,0.0
170318039011,0.0
170318039012,0.0
170318039021,0.0
170318039022,0.0
170318039023,0.0
170318040001,0.0
170318040002,0.0
170318041021,0.0
170318041022,0.0
170318041023,0.0
170318041041,0.0
170318041042,0.0
170318041043,0.0
170318041051,0.0
170318041052,0.0
170318041053,0.0
170318041061,0.0
170318041062,0.0
170318041063,0.0
170318041064,0.0
170318041081,0.0
170318041082,1.0
170318041091,0.0
170318041092,0.0
170318042011,0.0
170318042012,0.0
170318042013,0.0
170318042014,0.0
170318042021,0.0
170318042022,0.0
170318042023,0.0
170318042024,0.0
170318043051,0.0
170318043052,0.0
170318043053,0.0
170318043054,0.0
170318043061,0.0
170318043062,0.0
170318043063,0.0
170318043064,0.0
170318043081,0.0
170318043082,0.0
170318043083,0.0
170318043091,0.0
170318043092,0.0
170318043101,0.0
170318043102,0.0
170318043103,0.0
170318043104,0.0
170318043111,0.0
170318043112,0.0
170318044031,0.0
170318044032,1.0
170318044033,1.0
170318044041,0.0
170318044042,0.0
170318044043,0.0
170318044044,0.0
170318044051,0.0
170318044052,0.0
170318044061,0.0
170318044062,0.0
170318044063,0.0
170318045051,0.0
170318045052,0.0
170318045053,0.0
170318045061,0.0
170318045062,0.0
170318045063,0.0
170318045071,0.0
170318045072,0.0
170318045073,0.0
170318045074,0.0
170318045081,1.0
170318045091,0.0
170318045092,0.0
170318045093,0.0
170318045094,0.0
170318045101,0.0
170318045102,0.0
170318045103,0.0
170318045104,0.0
170318045111,1.0
170318045112,0.0
170318046031,1.0
170318046032,0.0
170318046033,0.0
170318046061,0.0
170318046062,0.0
170318046063,0.0
170318046064,0.0
170318046071,0.0
170318046072,0.0
170318046073,0.0
170318046074,0.0
170318046081,0.0
170318046082,0.0
170318046083,0.0
170318046091,0.0
170318046092,0.0
170318046093,0.0
170318046101,0.0
170318046102,0.0
170318046111,0.0
170318046112,0.0
170318046113,0.0
170318047011,0.0
170318047012,0.0
170318047013,0.0
170318047014,1.0
170318047051,0.0
170318047052,1.0
170318047053,0.0
170318047061,0.0
170318047062,0.0
170318047091,0.0
170318047092,0.0
170318047093,0.0
170318047094,0.0
170318047095,0.0
170318047101,0.0
170318047102,0.0
170318047103,0.0
170318047104,0.0
170318047111,1.0
170318047112,0.0
170318047113,0.0
170318047114,0.0
170318047121,1.0
170318047122,0.0
170318047123,0.0
170318047131,0.0
170318047132,0.0
170318047133,0.0
170318047134,0.0
170318047141,0.0
170318047142,0.0
170318047143,0.0
170318047151,0.0
170318047152,0.0
170318047161,0.0
170318047162,0.0
170318047163,0.0
170318048031,0.0
170318048032,0.0
170318048033,0.0
170318048041,0.0
170318048042,1.0
170318048043,0.0
170318048044,0.0
170318048051,0.0
170318048052,0.0
170318048053,0.0
170318048054,0.0
170318048061,0.0
170318048062,0.0
170318048063,0.0
170318048071,0.0
170318048072,0.0
170318048073,0.0
170318048074,0.0
170318048081,0.0
170318048082,0.0
170318048083,0.0
170318048091,0.0
170318048092,0.0
170318048093,0.0
170318048101,0.0
170318048102,0.0
170318048103,0.0
170318048104,0.0
170318049011,0.0
170318049012,0.0
170318049013,0.0
170318049014,0.0
170318049015,0.0
170318049016,0.0
170318049021,0.0
170318049022,0.0
170318049023,0.0
170318049024,0.0
170318049025,0.0
170318050011,0.0
170318050012,0.0
170318050013,0.0
170318050014,0.0
170318050021,0.0
170318050022,0.0
170318050023,0.0
170318050024,0.0
170318050025,0.0
170318051051,0.0
170318051052,0.0
170318051053,0.0
170318051054,0.0
170318051061,0.0
170318051062,0.0
170318051071,1.0
170318051072,0.0
170318051073,1.0
170318051074,0.0
170318051075,0.0
170318051081,0.0
170318051082,0.0
170318051083,0.0
170318051084,0.0
170318051091,0.0
170318051092,0.0
170318051093,0.0
170318051101,0.0
170318051102,0.0
170318051103,0.0
170318051104,0.0
170318051111,0.0
170318051112,0.0
170318051113,0.0
170318051114,0.0
170318051115,0.0
170318051116,0.0
170318051121,0.0
170318051122,0.0
170318052011,0.0
170318052012,0.0
170318052013,0.0
170318052021,0.0
170318052022,0.0
170318052023,0.0
170318052024,0.0
170318053011,0.0
170318053012,0.0
170318053013,0.0
170318053021,0.0
170318053022,0.0
170318053023,0.0
170318054011,0.0
170318054012,0.0
170318054013,0.0
170318054021,0.0
170318054022,0.0
170318054023,0.0
170318054024,0.0
170318054025,0.0
170318055011,0.0
170318055012,0.0
170318055013,0.0
170318055021,0.0
170318055022,0.0
170318055023,0.0
170318055024,0.0
170318056001,0.0
170318056002,0.0
170318056003,0.0
170318056004,0.0
170318057011,0.0
170318057012,0.0
170318057013,0.0
170318057014,0.0
170318057015,0.0
170318057021,0.0
170318057022,0.0
170318058011,0.0
170318058012,0.0
170318058013,0.0
170318058021,0.0
170318058022,0.0
170318058023,0.0
170318058024,0.0
170318058025,0.0
170318059011,0.0
170318059012,0.0
170318059013,0.0
170318059021,0.0
170318059022,0.0
170318059023,0.0
170318059024,0.0
170318059025,0.0
170318059026,0.0
170318060011,0.0
170318060012,1.0
170318060013,0.0
170318060014,0.0
170318060021,0.0
170318060022,0.0
170318060023,0.0
170318060024,0.0
170318060025,0.0
170318060031,0.0
170318060032,0.0
170318060033,0.0
170318060034,0.0
170318060035,0.0
170318060036,0.0
170318060041,0.0
170318060042,0.0
170318060043,0.0
170318060044,0.0
170318061021,0.0
170318061022,0.0
170318061023,0.0
170318061031,0.0
170318061032,0.0
170318061033,0.0
170318061034,0.0
170318061041,1.0
170318061042,0.0
170318061043,0.0
170318062011,0.0
170318062012,0.0
170318062021,0.0
170318062022,0.0
170318062023,0.0
170318063001,0.0
170318063002,0.0
170318063003,0.0
170318063004,0.0
170318063005,0.0
170318063006,0.0
170318064001,0.0
170318064002,0.0
170318065011,0.0
170318065012,0.0
170318065021,0.0
170318065022,0.0
170318065023,0.0
170318065024,0.0
170318066001,0.0
170318066002,0.0
170318067001,0.0
170318067002,0.0
170318067003,0.0
170318067004,0.0
170318068011,0.0
170318068012,0.0
170318068013,0.0
170318068014,0.0
170318068021,0.0
170318068022,0.0
170318068023,0.0
170318069001,0.0
170318069002,0.0
170318069003,0.0
170318070001,0.0
170318070002,0.0
170318070003,0.0
170318070004,0.0
170318071001,0.0
170318071002,0.0
170318071003,0.0
170318072001,0.0
170318072002,0.0
170318072003,0.0
170318072004,0.0
170318072005,0.0
170318073001,0.0
170318073002,0.0
170318073003,0.0
170318073004,0.0
170318073005,0.0
170318074001,0.0
170318074002,0.0
170318074003,1.0
170318074004,0.0
170318074005,0.0
170318075001,0.0
170318075002,0.0
170318075003,0.0
170318076001,0.0
170318076002,0.0
170318076003,0.0
170318076004,0.0
170318076005,0.0
170318077001,0.0
170318077002,0.0
170318077003,0.0
170318077004,0.0
170318078001,0.0
170318078002,0.0
170318079001,0.0
170318079002,0.0
170318079003,0.0
170318080011,0.0
170318080012,0.0
170318080013,0.0
170318080021,0.0
170318080022,0.0
170318080023,0.0
170318080024,0.0
170318081001,0.0
170318081002,0.0
170318082001,0.0
170318082002,0.0
170318082003,0.0
170318083011,0.0
170318083012,0.0
170318083013,0.0
170318083014,0.0
170318083021,0.0
170318083022,0.0
170318083023,0.0
170318084001,0.0
170318084002,0.0
170318084003,0.0
170318085001,0.0
170318085002,0.0
170318085003,0.0
170318085004,0.0
170318086001,0.0
170318086002,0.0
170318087021,0.0
170318087022,0.0
170318088001,0.0
170318088002,0.0
170318089001,0.0
170318089002,0.0
170318089003,0.0
170318090001,0.0
170318090002,0.0
170318090003,0.0
170318090004,0.0
170318091001,0.0
170318091002,0.0
170318091003,0.0
170318092001,0.0
170318092002,1.0
170318092003,0.0
170318092004,0.0
170318093001,0.0
170318093002,0.0
170318093003,0.0
170318094001,0.0
170318094002,0.0
170318094003,0.0
170318094004,0.0
170318095001,0.0
170318095002,0.0
170318095003,0.0
170318096001,0.0
170318096002,0.0
170318096003,0.0
170318097001,0.0
170318097002,0.0
170318097003,0.0
170318098001,0.0
170318098002,0.0
170318099001,0.0
170318100001,0.0
170318100002,0.0
170318100003,0.0
170318101001,0.0
170318101002,0.0
170318101003,0.0
170318101004,0.0
170318101005,0.0
170318102001,0.0
170318102002,0.0
170318102003,0.0
170318102004,0.0
170318102005,0.0
170318102006,0.0
170318103011,0.0
170318103012,0.0
170318103013,0.0
170318103014,0.0
170318103021,0.0
170318103022,0.0
170318103023,0.0
170318104001,0.0
170318104002,0.0
170318104003,0.0
170318104004,0.0
170318105011,0.0
170318105012,0.0
170318105013,0.0
170318105014,0.0
170318105015,0.0
170318105021,0.0
170318105022,0.0
170318105023,0.0
170318105024,0.0
170318105025,0.0
170318106001,0.0
170318106002,0.0
170318106003,0.0
170318107011,0.0
170318107012,0.0
170318107013,0.0
170318107014,0.0
170318107021,0.0
170318107022,0.0
170318107023,0.0
170318108001,0.0
170318108002,0.0
170318108003,0.0
170318108004,0.0
170318109001,0.0
170318109002,0.0
170318109003,0.0
170318109004,0.0
170318109005,0.0
170318110001,0.0
170318110002,0.0
170318110003,0.0
170318110004,0.0
170318110005,0.0
170318111001,0.0
170318111002,0.0
170318111003,0.0
170318111004,0.0
170318111005,0.0
170318112001,0.0
170318112002,0.0
170318112003,0.0
170318112004,0.0
170318112005,0.0
170318113011,1.0
170318113012,0.0
170318113013,0.0
170318113014,0.0
170318113021,0.0
170318113022,1.0
170318114011,0.0
170318114012,0.0
170318114013,0.0
170318114014,0.0
170318114015,0.0
170318114021,0.0
170318114022,1.0
170318114023,0.0
170318115001,0.0
170318115002,0.0
170318115003,0.0
170318115004,0.0
170318116001,0.0
170318116002,0.0
170318116003,0.0
170318116004,0.0
170318117011,0.0
170318117012,0.0
170318117021,0.0
170318117022,0.0
170318117023,0.0
170318118001,0.0
170318118002,0.0
170318118003,0.0
170318118004,0.0
170318119001,0.0
170318119002,0.0
170318119003,0.0
170318119004,0.0
170318120001,0.0
170318120002,0.0
170318120003,0.0
170318120004,0.0
170318120005,0.0
170318120006,0.0
170318121001,0.0
170318121002,0.0
170318121003,0.0
170318121004,0.0
170318121005,0.0
170318122001,0.0
170318122002,0.0
170318122003,0.0
170318122004,0.0
170318123011,0.0
170318123012,1.0
170318123013,0.0
170318123021,0.0
170318123022,0.0
170318123023,0.0
170318124001,0.0
170318124002,0.0
170318124003,0.0
170318125001,0.0
170318125002,0.0
170318125003,0.0
170318125004,0.0
170318126001,0.0
170318126002,0.0
170318126003,0.0
170318126004,0.0
170318127001,0.0
170318127002,0.0
170318127003,0.0
170318128011,0.0
170318128012,1.0
170318128021,0.0
170318128022,0.0
170318128023,0.0
170318129001,0.0
170318129002,0.0
170318129003,0.0
170318129004,0.0
170318130001,0.0
170318130002,0.0
170318130003,0.0
170318130004,0.0
170318130005,0.0
170318131001,0.0
170318131002,0.0
170318131003,0.0
170318131004,0.0
170318131005,0.0
170318132001,0.0
170318132002,0.0
170318132003,0.0
170318132004,0.0
170318132005,0.0
170318133011,0.0
170318133012,0.0
170318133013,0.0
170318133021,0.0
170318133022,0.0
170318134001,0.0
170318134002,0.0
170318134003,0.0
170318134004,0.0
170318134005,0.0
170318134006,0.0
170318135001,0.0
170318135002,0.0
170318135003,0.0
170318135004,0.0
170318135005,0.0
170318136001,0.0
170318136002,0.0
170318136003,0.0
170318137011,0.0
170318137012,0.0
170318137021,0.0
170318137022,0.0
170318137023,0.0
170318137024,0.0
170318138011,0.0
170318138012,0.0
170318138013,0.0
170318138021,0.0
170318138022,0.0
170318138023,0.0
170318138024,0.0
170318139001,0.0
170318139002,0.0
170318139003,0.0
170318139004,0.0
170318139005,0.0
170318140001,0.0
170318140002,0.0
170318140003,0.0
170318140004,0.0
170318141001,1.0
170318141002,0.0
170318141003,0.0
170318142001,0.0
170318142002,0.0
170318142003,0.0
170318142004,0.0
170318142005,0.0
170318142006,0.0
170318143001,0.0
170318143002,0.0
170318144001,0.0
170318144002,0.0
170318144003,0.0
170318144004,0.0
170318144005,0.0
170318144006,0.0
170318145001,0.0
170318145002,0.0
170318145003,0.0
170318146001,0.0
170318146002,0.0
170318146003,0.0
170318146004,0.0
170318146005,0.0
170318147001,0.0
170318147002,0.0
170318147003,0.0
170318147004,0.0
170318147005,0.0
170318148001,0.0
170318148002,0.0
170318148003,0.0
170318148004,0.0
170318148005,0.0
170318149001,0.0
170318149002,0.0
170318149003,1.0
170318149004,1.0
170318150001,0.0
170318150002,0.0
170318150003,0.0
170318151001,0.0
170318151002,0.0
170318151003,0.0
170318152001,0.0
170318152002,0.0
170318152003,0.0
170318152004,0.0
170318152005,0.0
170318153001,0.0
170318153002,0.0
170318153003,0.0
170318153004,0.0
170318154001,0.0
170318154002,0.0
170318154003,0.0
170318154004,0.0
170318155001,0.0
170318155002,0.0
170318155003,0.0
170318155004,0.0
170318155005,0.0
170318155006,0.0
170318155007,0.0
170318156001,0.0
170318156002,0.0
170318156003,0.0
170318156004,0.0
170318156005,0.0
170318157011,0.0
170318157012,0.0
170318157013,0.0
170318157014,0.0
170318157021,0.0
170318157022,0.0
170318157023,0.0
170318157024,0.0
170318157025,0.0
170318158001,0.0
170318159001,0.0
170318159002,0.0
170318159003,1.0
170318160001,0.0
170318160002,0.0
170318160003,0.0
170318161001,0.0
170318161002,0.0
170318161003,0.0
170318161004,0.0
170318161005,0.0
170318161006,0.0
170318162001,0.0
170318162002,0.0
170318162003,0.0
170318163001,0.0
170318163002,0.0
170318163003,0.0
170318163004,0.0
170318164011,0.0
170318164012,0.0
170318164013,0.0
170318164014,0.0
170318164021,0.0
170318164022,0.0
170318164023,0.0
170318164024,0.0
170318165001,0.0
170318165002,1.0
170318165003,0.0
170318166001,0.0
170318166002,0.0
170318166003,0.0
170318167001,0.0
170318167002,0.0
170318168001,0.0
170318168002,0.0
170318168003,0.0
170318168004,0.0
170318169001,0.0
170318169002,0.0
170318169003,0.0
170318169004,0.0
170318170001,0.0
170318170002,0.0
170318170003,0.0
170318170004,0.0
170318170005,0.0
170318171011,0.0
170318171012,0.0
170318171013,0.0
170318171014,0.0
170318171021,0.0
170318171022,0.0
170318171023,0.0
170318172001,0.0
170318172002,0.0
170318172003,1.0
170318172004,1.0
170318173001,1.0
170318174001,0.0
170318174002,0.0
170318174003,0.0
170318175001,1.0
170318175002,0.0
170318175003,0.0
170318175004,1.0
170318176001,0.0
170318176002,0.0
170318176003,0.0
170318177001,0.0
170318177002,0.0
170318177003,0.0
170318177004,0.0
170318179001,1.0
170318179002,0.0
170318179003,0.0
170318179004,0.0
170318179005,0.0
170318180001,1.0
170318180002,0.0
170318180003,0.0
170318181001,0.0
170318181002,0.0
170318182001,0.0
170318182002,0.0
170318182003,0.0
170318182004,0.0
170318183001,0.0
170318183002,0.0
170318183003,0.0
170318183004,0.0
170318184011,0.0
170318184012,0.0
170318184013,0.0
170318184014,0.0
170318184021,0.0
170318184022,0.0
170318184023,0.0
170318185001,0.0
170318185002,0.0
170318185003,0.0
170318185004,0.0
170318186001,0.0
170318186002,0.0
170318186003,0.0
170318187001,0.0
170318187002,0.0
170318187003,0.0
170318187004,0.0
170318188001,0.0
170318188002,0.0
170318188003,0.0
170318188004,0.0
170318188005,0.0
170318188006,0.0
170318189001,0.0
170318189002,0.0
170318189003,0.0
170318190001,0.0
170318190002,0.0
170318190003,0.0
170318190004,0.0
170318191001,0.0
170318191002,0.0
170318191003,0.0
170318191004,0.0
170318192001,0.0
170318192002,0.0
170318192003,0.0
170318192004,0.0
170318193001,0.0
170318193002,0.0
170318193003,0.0
170318194001,0.0
170318194002,0.0
170318194003,0.0
170318194004,0.0
170318194005,0.0
170318195001,0.0
170318195002,0.0
170318195003,0.0
170318195004,0.0
170318196001,0.0
170318196002,0.0
170318196003,0.0
170318196004,0.0
170318197001,0.0
170318197002,0.0
170318197003,0.0
170318197004,0.0
170318198011,0.0
170318198012,0.0
170318198013,0.0
170318198014,0.0
170318198015,0.0
170318198021,0.0
170318198022,0.0
170318199001,0.0
170318199002,0.0
170318199003,0.0
170318200001,0.0
170318200002,0.0
170318201011,0.0
170318201012,0.0
170318201013,0.0
170318201014,0.0
170318201015,0.0
170318201016,0.0
170318201017,0.0
170318201031,0.0
170318201032,0.0
170318201033,0.0
170318201034,0.0
170318201041,0.0
170318201042,0.0
170318201043,0.0
170318201044,0.0
170318202011,0.0
170318202012,0.0
170318202013,0.0
170318202014,0.0
170318202021,1.0
170318202022,0.0
170318202023,0.0
170318203001,0.0
170318203002,0.0
170318203003,0.0
170318203004,1.0
170318204001,0.0
170318204002,0.0
170318204003,0.0
170318205011,0.0
170318205012,0.0
170318205013,0.0
170318205014,0.0
170318205015,0.0
170318205021,0.0
170318205022,0.0
170318205023,0.0
170318205024,0.0
170318206031,1.0
170318206032,0.0
170318206033,0.0
170318206041,0.0
170318206042,0.0
170318206051,1.0
170318206052,1.0
170318206053,1.0
170318206061,0.0
170318206062,0.0
170318207001,0.0
170318207002,0.0
170318207003,0.0
170318207004,0.0
170318208001,0.0
170318208002,0.0
170318208003,0.0
170318209011,0.0
170318209012,0.0
170318209013,0.0
170318209014,0.0
170318209021,0.0
170318209022,0.0
170318209023,0.0
170318209024,0.0
170318210011,0.0
170318210012,0.0
170318210013,0.0
170318210014,0.0
170318210021,0.0
170318210022,0.0
170318210023,0.0
170318210024,0.0
170318210025,0.0
170318211011,0.0
170318211012,0.0
170318211013,0.0
170318211014,0.0
170318211021,0.0
170318211022,0.0
170318211023,0.0
170318211024,0.0
170318212001,0.0
170318212002,0.0
170318212003,1.0
170318212004,1.0
170318213001,0.0
170318213002,1.0
170318213003,0.0
170318213004,0.0
170318214011,0.0
170318214012,0.0
170318214013,0.0
170318214014,1.0
170318214021,0.0
170318214022,1.0
170318214023,0.0
170318215001,1.0
170318216001,0.0
170318216002,0.0
170318216003,0.0
170318216004,0.0
170318216005,0.0
170318217001,0.0
170318217002,0.0
170318217003,0.0
170318217004,0.0
170318217005,0.0
170318218001,0.0
170318218002,0.0
170318218003,0.0
170318218004,0.0
170318218005,0.0
170318218006,0.0
170318219001,0.0
170318219002,0.0
170318219003,0.0
170318219004,0.0
170318219005,0.0
170318220001,0.0
170318220002,0.0
170318220003,0.0
170318220004,0.0
170318220005,0.0
170318221011,0.0
170318221012,0.0
170318221013,0.0
170318221014,0.0
170318221021,0.0
170318221022,0.0
170318221023,0.0
170318221024,0.0
170318222001,0.0
170318222002,0.0
170318222003,0.0
170318223011,0.0
170318223012,0.0
170318223013,0.0
170318223014,0.0
170318223021,0.0
170318223022,0.0
170318223023,0.0
170318223024,0.0
170318224001,0.0
170318224002,0.0
170318224003,0.0
170318224004,0.0
170318225001,0.0
170318225002,0.0
170318225003,0.0
170318225004,0.0
170318226011,0.0
170318226012,0.0
170318226013,0.0
170318226021,0.0
170318226022,0.0
170318226023,1.0
170318227011,0.0
170318227012,0.0
170318227013,0.0
170318227014,0.0
170318227021,0.0
170318227022,0.0
170318227023,0.0
170318228011,0.0
170318228012,0.0
170318228021,0.0
170318228022,0.0
170318228023,0.0
170318229001,0.0
170318230011,0.0
170318230012,0.0
170318230013,0.0
170318230014,0.0
170318230015,0.0
170318230021,0.0
170318230022,0.0
170318230023,0.0
170318230024,0.0
170318231011,0.0
170318231012,0.0
170318231013,0.0
170318231014,0.0
170318231015,0.0
170318231021,1.0
170318231022,0.0
170318232001,0.0
170318232002,1.0
170318233021,1.0
170318233022,0.0
170318233023,1.0
170318233031,0.0
170318233032,1.0
170318233033,0.0
170318233034,0.0
170318233035,0.0
170318233041,0.0
170318233042,0.0
170318233043,0.0
170318233044,0.0
170318233045,0.0
170318233046,0.0
170318234001,0.0
170318234002,0.0
170318234003,0.0
170318234004,0.0
170318235001,0.0
170318235002,0.0
170318235003,0.0
170318235004,0.0
170318236021,0.0
170318236022,0.0
170318236023,0.0
170318236024,0.0
170318236031,0.0
170318236032,0.0
170318236041,0.0
170318236042,0.0
170318236043,0.0
170318236051,0.0
170318236052,0.0
170318236053,0.0
170318237021,1.0
170318237022,0.0
170318237023,0.0
170318237024,0.0
170318237031,0.0
170318237032,0.0
170318237033,0.0
170318237034,1.0
170318237041,0.0
170318237042,0.0
170318237043,0.0
170318237051,0.0
170318237052,0.0
170318237053,0.0
170318237054,0.0
170318238011,0.0
170318238012,0.0
170318238013,0.0
170318238031,0.0
170318238032,0.0
170318238033,0.0
170318238034,0.0
170318238051,0.0
170318238052,0.0
170318238053,0.0
170318238061,0.0
170318238062,0.0
170318238063,0.0
170318238064,1.0
170318239011,0.0
170318239012,0.0
170318239031,0.0
170318239032,0.0
170318239033,0.0
170318239034,0.0
170318239041,0.0
170318239042,0.0
170318239043,0.0
170318239044,0.0
170318240031,0.0
170318240032,0.0
170318240033,0.0
170318240041,0.0
170318240042,0.0
170318240043,0.0
170318240051,0.0
170318240052,0.0
170318240053,0.0
170318240061,0.0
170318240062,0.0
170318241051,0.0
170318241052,0.0
170318241053,0.0
170318241061,0.0
170318241062,0.0
170318241063,0.0
170318241071,0.0
170318241072,0.0
170318241073,0.0
170318241074,0.0
170318241081,0.0
170318241082,0.0
170318241083,0.0
170318241131,0.0
170318241132,0.0
170318241133,0.0
170318241141,0.0
170318241142,0.0
170318241151,0.0
170318241152,0.0
170318241161,0.0
170318241162,0.0
170318241163,0.0
170318241164,0.0
170318241171,0.0
170318241172,0.0
170318241173,0.0
170318241174,0.0
170318241191,0.0
170318241192,0.0
170318241201,0.0
170318241202,0.0
170318241203,0.0
170318241204,0.0
170318241211,0.0
170318241212,0.0
170318241221,0.0
170318241222,0.0
170318241223,0.0
170318241231,0.0
170318241232,0.0
170318241233,0.0
170318241234,0.0
170318241235,0.0
170318243001,0.0
170318243002,0.0
170318243003,0.0
170318244001,0.0
170318245031,0.0
170318245032,0.0
170318245033,0.0
170318245034,0.0
170318245035,0.0
170318245051,1.0
170318245052,0.0
170318245053,0.0
170318245061,0.0
170318245062,0.0
170318245063,0.0
170318245064,0.0
170318245065,0.0
170318245071,0.0
170318245072,0.0
170318246011,0.0
170318246012,0.0
170318246013,0.0
170318246014,0.0
170318246021,0.0
170318246022,0.0
170318246023,1.0
170318246024,0.0
170318246025,0.0
170318247011,1.0
170318247012,0.0
170318247013,0.0
170318247021,0.0
170318247022,0.0
170318247023,0.0
170318248001,0.0
170318248002,0.0
170318248003,0.0
170318248004,0.0
170318249001,0.0
170318249002,0.0
170318250001,0.0
170318250002,0.0
170318250003,0.0
170318252001,0.0
170318252002,0.0
170318253021,0.0
170318253022,0.0
170318253023,0.0
170318253031,0.0
170318253032,0.0
170318253033,0.0
170318253034,0.0
170318253041,0.0
170318253042,0.0
170318254001,0.0
170318254002,0.0
170318254003,0.0
170318255011,0.0
170318255012,0.0
170318255013,1.0
170318255031,1.0
170318255032,0.0
170318255033,0.0
170318255034,0.0
170318255035,0.0
170318255041,0.0
170318255042,1.0
170318255051,0.0
170318255052,0.0
170318255053,0.0
170318255054,0.0
170318256001,0.0
170318256002,0.0
170318256003,0.0
170318256004,0.0
170318257001,0.0
170318257002,1.0
170318257003,0.0
170318258011,0.0
170318258012,0.0
170318258013,1.0
170318258021,1.0
170318258022,1.0
170318258023,0.0
170318258031,0.0
170318258032,0.0
170318258033,0.0
170318258034,1.0
170318258035,1.0
170318259001,0.0
170318259002,0.0
170318259003,0.0
170318260001,1.0
170318260002,0.0
170318260003,0.0
170318261001,0.0
170318261002,0.0
170318261003,1.0
170318261004,0.0
170318261005,0.0
170318261006,0.0
170318262011,0.0
170318262012,0.0
170318262013,0.0
170318262014,0.0
170318262021,0.0
170318262022,0.0
170318262023,0.0
170318262024,0.0
170318262025,1.0
170318263011,0.0
170318263012,0.0
170318263013,0.0
170318263031,0.0
170318263032,0.0
170318263033,0.0
170318263034,0.0
170318263041,1.0
170318263042,0.0
170318263043,0.0
170318264011,1.0
170318264012,1.0
170318264021,0.0
170318264022,0.0
170318264023,0.0
170318264024,0.0
170318264025,0.0
170318265001,0.0
170318265002,0.0
170318265003,0.0
170318265004,1.0
170318266001,1.0
170318266002,0.0
170318266003,0.0
170318266004,0.0
170318266005,0.0
170318267001,1.0
170318267002,1.0
170318267003,0.0
170318267004,0.0
170318268001,0.0
170318268002,1.0
170318268003,1.0
170318268004,0.0
170318269011,1.0
170318269021,0.0
170318269022,1.0
170318270001,1.0
170318270002,0.0
170318270003,0.0
170318271001,1.0
170318271002,0.0
170318271003,0.0
170318272001,0.0
170318272002,0.0
170318272003,0.0
170318272004,0.0
170318273001,0.0
170318273002,1.0
170318273003,0.0
170318274001,0.0
170318274002,0.0
170318274003,0.0
170318274004,0.0
170318275001,0.0
170318275002,0.0
170318275003,0.0
170318276001,0.0
170318276002,0.0
170318276003,0.0
170318277001,0.0
170318277002,0.0
170318278011,0.0
170318278012,0.0
170318278013,0.0
170318278014,0.0
170318278021,0.0
170318278022,0.0
170318278041,0.0
170318278042,0.0
170318278043,0.0
170318278051,0.0
170318278052,0.0
170318278053,0.0
170318279011,0.0
170318279012,0.0
170318279021,0.0
170318279022,1.0
170318279023,0.0
170318279024,0.0
170318279025,0.0
170318280001,0.0
170318280002,0.0
170318280003,0.0
170318280004,0.0
170318281001,0.0
170318281002,0.0
170318281003,0.0
170318281004,0.0
170318281005,0.0
170318282011,1.0
170318282012,0.0
170318282013,0.0
170318282021,0.0
170318282022,0.0
170318282023,0.0
170318282024,0.0
170318283001,0.0
170318283002,0.0
170318284011,0.0
170318284012,0.0
170318284013,0.0
170318284014,0.0
170318284021,0.0
170318284022,0.0
170318284023,0.0
170318285031,1.0
170318285032,1.0
170318285033,0.0
170318285034,0.0
170318285041,1.0
170318285042,0.0
170318285043,0.0
170318285044,0.0
170318285051,0.0
170318285052,0.0
170318285053,0.0
170318285054,0.0
170318285055,0.0
170318285061,0.0
170318285062,0.0
170318285063,1.0
170318285064,0.0
170318285065,1.0
170318285066,1.0
170318286011,0.0
170318286012,0.0
170318286013,0.0
170318286014,0.0
170318286021,0.0
170318286022,0.0
170318287011,0.0
170318287012,0.0
170318287013,0.0
170318287014,1.0
170318287021,1.0
170318287022,0.0
170318287023,0.0
170318288011,0.0
170318288012,0.0
170318288013,0.0
170318288014,0.0
170318288015,0.0
170318288021,0.0
170318288022,0.0
170318288023,0.0
170318289001,0.0
170318289002,0.0
170318289003,1.0
170318290001,0.0
170318290002,1.0
170318291001,0.0
170318291002,0.0
170318292001,0.0
170318292002,0.0
170318292003,0.0
170318292004,1.0
170318293011,0.0
170318293012,0.0
170318293021,0.0
170318293022,1.0
170318293023,1.0
170318294011,0.0
170318294021,0.0
170318294022,0.0
170318294023,0.0
170318295001,0.0
170318295002,0.0
170318295003,0.0
170318296001,0.0
170318296002,0.0
170318296003,0.0
170318297001,0.0
170318297002,1.0
170318297003,0.0
170318298001,0.0
170318298002,0.0
170318298003,0.0
170318298004,0.0
170318298005,0.0
170318299011,1.0
170318299012,0.0
170318299013,0.0
170318299014,1.0
170318299021,0.0
170318299022,0.0
170318299023,0.0
170318299024,1.0
170318300011,1.0
170318300031,1.0
170318300032,0.0
170318300033,1.0
170318300041,0.0
170318300042,0.0
170318300043,1.0
170318300051,0.0
170318300052,0.0
170318300061,0.0
170318300062,0.0
170318300071,1.0
170318300072,1.0
170318300073,1.0
170318300081,1.0
170318300082,0.0
170318300083,0.0
170318301001,0.0
170318301002,0.0
170318302011,1.0
170318302012,1.0
170318302013,0.0
170318302021,1.0
170318302022,0.0
170318303001,1.0
170318303002,1.0
170318303003,1.0
170318303004,0.0
170318304001,0.0
170318304002,0.0
170318304003,1.0
170318304004,0.0
170318305001,0.0
170318305002,0.0
170318305003,0.0
170318306001,0.0
170318306002,0.0
170318306003,0.0
170318306004,0.0
170318307001,0.0
170318307002,0.0
170318307003,0.0
170318307004,0.0
170318308001,0.0
170318308002,0.0
170318308003,0.0
170318309001,0.0
170318309002,0.0
170318309003,0.0
170318310001,0.0
170318310002,0.0
170318311001,0.0
170318311002,0.0
170318311003,0.0
170318311004,0.0
170318312001,0.0
170318312002,0.0
170318312003,0.0
170318313001,0.0
170318314001,0.0
170318314002,1.0
170318315001,0.0
170318315002,0.0
170318316001,0.0
170318316002,0.0
170318316003,0.0
170318316004,0.0
170318316005,0.0
170318316006,0.0
170318317001,0.0
170318318001,0.0
170318318002,0.0
170318318003,0.0
170318318004,0.0
170318318005,0.0
170318319001,0.0
170318319002,0.0
170318320001,0.0
170318321001,0.0
170318321002,0.0
170318321003,0.0
170318322001,0.0
170318322002,0.0
170318322003,0.0
170318323001,0.0
170318324001,0.0
170318324002,0.0
170318325001,0.0
170318325002,0.0
170318326001,0.0
170318326002,0.0
170318326003,0.0
170318329001,0.0
170318329002,0.0
170318330001,0.0
170318330002,0.0
170318331001,0.0
170318331002,0.0
170318331003,0.0
170318333001,1.0
170318339001,0.0
170318339002,1.0
170318340001,1.0
170318340002,0.0
170318342001,1.0
170318342002,1.0
170318342003,1.0
170318342004,0.0
170318343001,0.0
170318343002,1.0
170318343003,0.0
170318343004,0.0
170318343005,0.0
170318343006,0.0
170318344001,0.0
170318344002,0.0
170318344003,1.0
170318345001,1.0
170318346001,0.0
170318346002,0.0
170318346003,0.0
170318346004,0.0
170318347001,0.0
170318347002,1.0
170318347003,0.0
170318348001,0.0
170318348002,0.0
170318348003,0.0
170318349001,0.0
170318349002,1.0
170318350001,1.0
170318350002,1.0
170318350003,0.0
170318350004,1.0
170318350005,0.0
170318351001,0.0
170318351002,0.0
170318351003,0.0
170318351004,0.0
170318352001,0.0
170318355001,1.0
170318355002,0.0
170318356001,0.0
170318356002,0.0
170318357001,0.0
170318358001,1.0
170318359001,1.0
170318359002,0.0
170318359003,0.0
170318360001,0.0
170318360002,0.0
170318360003,0.0
170318361001,1.0
170318361002,0.0
170318361003,1.0
170318362001,0.0
170318363001,0.0
170318363002,0.0
170318364001,0.0
170318364002,1.0
170318364003,0.0
170318365001,1.0
170318365002,1.0
170318366001,0.0
170318366002,0.0
170318367001,1.0
170318367002,1.0
170318368001,0.0
170318368002,1.0
170318369001,0.0
170318369002,0.0
170318370001,0.0
170318370002,0.0
170318371001,0.0
170318371002,0.0
170318373001,1.0
170318373002,0.0
170318374001,0.0
170318374002,0.0
170318378001,1.0
170318378002,0.0
170318380001,0.0
170318380002,1.0
170318381001,1.0
170318381002,1.0
170318381003,0.0
170318382001,0.0
170318382002,0.0
170318383001,1.0
170318383002,0.0
170318386001,0.0
170318386002,0.0
170318387001,1.0
170318387002,1.0
170318387003,0.0
170318387004,0.0
170318388001,0.0
170318388002,1.0
170318390001,0.0
170318390002,1.0
170318390003,0.0
170318390004,0.0
170318391001,1.0
170318391002,1.0
170318392001,0.0
170318392002,0.0
170318392003,1.0
170318395001,0.0
170318396001,0.0
170318396002,0.0
170318397001,0.0
170318397002,0.0
170318397003,0.0
170318398001,0.0
170318398002,0.0
170318398003,0.0
170318399001,0.0
170318399002,0.0
170318399003,0.0
170318399004,0.0
170318399005,0.0
170318400001,0.0
170318400002,0.0
170318401001,0.0
170318401002,0.0
170318402001,0.0
170318403001,0.0
170318403002,0.0
170318403003,0.0
170318404001,0.0
170318404002,0.0
170318407001,0.0
170318407002,0.0
170318407003,0.0
170318408001,0.0
170318408002,0.0
170318410001,0.0
170318411001,0.0
170318411002,0.0
170318411003,0.0
170318411004,0.0
170318412001,0.0
170318412002,0.0
170318412003,0.0
170318413001,0.0
170318413002,0.0
170318413003,0.0
170318413004,0.0
170318414001,1.0
170318414002,0.0
170318415001,1.0
170318415002,1.0
170318416001,0.0
170318417001,1.0
170318418001,0.0
170318418002,1.0
170318419001,0.0
170318419002,0.0
170318420001,0.0
170318420002,0.0
170318421001,0.0
170318421002,0.0
170318421003,0.0
170318421004,0.0
170318421005,0.0
170318421006,0.0
170318422001,0.0
170318423001,0.0
170318423002,0.0
170318424001,0.0
170318424002,0.0
170318424003,0.0
170318425001,1.0
170318426001,0.0
170318426002,0.0
170318426003,0.0
170318426004,0.0
170318428001,0.0
170318428002,0.0
170318428003,0.0
170318428004,0.0
170318428005,0.0
170318428006,0.0
170318429001,1.0
170318429002,0.0
170318429003,0.0
170318429004,0.0
170318430001,1.0
170318430002,0.0
170318431001,1.0
170318431002,0.0
170318432001,0.0
170318432002,0.0
170318433001,0.0
170318434001,1.0
170318435001,0.0
170318436001,1.0
170318436002,1.0
170318437001,0.0
170318437002,0.0
170318438001,0.0
170318438002,0.0
170318439001,0.0
170318439002,0.0
170318439003,1.0
170318439004,0.0
170318439005,1.0
170319800001,0.0
170319801001,0.0
170319900000,0.0
